Reward Name,Category,Amount,Weight,Definition
Actor,Blessing,1,1,"+1 in Cha., advantage on Deception and Performance checks, mimic the speech of a person or the sounds made by a creature."
Artificer Initiate,Blessing,1,1,"	You learn one cantrip and one 1st-level artificier spell (cast without slot), proficiency with one type of artisan's tools."
Athlete,Blessing,1,1,"	+1 in Str. or Dex., you stand up and climb more quickly, and you can jump with only a 5-ft run."
Charger,Blessing,1,1,	As part of the Dash action you can make a melee attack with a +5 bonus if you move at least 10 ft before.
Chef,Blessing,1,1,"	+1 in Con. or Wis., proficiency with cook's utensils and cook special food to regain hp."
Defensive Duelist,Blessing,1,1,"	You can add your proficiency bonus to your AC if you are wielding a finesse weapon, in reaction to a melee attack."
Dual Wielder,Blessing,1,1,"+1 to AC if you're wielding a melee weapon in each hand, two-weapon fighting with non-light weapon, draw two weapons."
Dungeon Delver,Blessing,1,1,"Advantage to Perception and Investigation checks, to saving throws vs traps, and search for traps at normal pace."
Durable,Blessing,1,1,+1 in Con. and for each Hit Dice you regain a minimum of hit points equals to 2 x your Constitution modifier.
Dwarf Fortitude,Blessing,1,1,"	+1 in Con., and you can spend one Hit Die to heal yourself taking the Dodge action."
Elemental Adept,Blessing,1,1,"Your spells ignore resistance to a damage type (acid, cold, fire, lightning, or thunder) and treat any 1 in damage as a 2."
Fade away,Blessing,1,1,"+1 in Dex. or Int., and you can use your reaction to become invisible if you take damage."
Fey Teleportation,Blessing,1,1,"+1 in Int. or Cha., you speak Sylvan, and you can cast the misty step spell (1/short rest)."
Flames of Phlegethos,Blessing,1,1,"+1 in Int. or Cha., reroll any 1 on fire spell damage, and cause flames to wreathe you if you cast a fire spell."
Grappler,Blessing,1,1,"You have advantage on attack rolls when grappling, and can try to restrained a creature grappled by you."
Heavily Armored,Blessing,1,1,+1 in Str. and you gain proficiency with heavy armor.
Heavy Armor Master,Blessing,1,1,"+1 in Str. and bludgeoning, piercing, and slashing damage are reduced by 3 if you are wearing an heavy armor."
Keen Mind,Blessing,1,1,"+1 in Int. or Wis., With your insight you can detect if a creature has a vulnerability or resistance."
Lightly Armored,Blessing,1,1,+1 in Str. or Dex. and you gain profociency with light armor.
Mage Slayer,Blessing,1,1,You can use a reaction to make a melee attack against a spellcaster and advantage on saving throws against spell within 5 ft.
Martial Adept,Blessing,1,1,You learn two maneuvers from Battle Master archetype and gain one superiority die (d6).
Medium Armor Master,Blessing,1,1,No disadvantage to Stealth checks wearing medium armor and Dexterity bonus max to +3 instead of +2.
Moderately Armored,Blessing,1,1,+1 in Str. or Dex. and you gain proficiency with medium armor and shields.
Orcish Fury,Blessing,1,1,"+1 in Str. or Con., add one of the weapon's damage dice, and use a reaction to attack after using Relentless Endurance."
Poisoner,Blessing,1,1,"Proficiency with poisoner's kit, apply as a bonus action and your attacks ignore resistance to poison damage."
Savage Attacker,Blessing,1,1,You can reroll melee weapon attack damage once per turn.
Second Chance,Blessing,1,1,"+1 in Dex., Con., or Cha., and you can force a creature to reroll its attack roll if it hits you."
Shield Master,Blessing,1,1,"Attack also allows to shove, shield bonus to Dex. saving throws againts spells, and no 1/2 damage on successful saving throw."
Skilled,Blessing,1,1,You gain proficiency with three skills or tools.
Skulker,Blessing,1,1,Ranged weapon attack doesn't reveal your position and possibility to hide in a lighlly obscured area.
Spell Sniper,Blessing,1,1,"Offensive spell's range doubled, these spells ignore some cover, and you learn one offensive cantrip."
Tavern Brawler,Blessing,1,1,"+1 in Str. or Con., proficiency with improvised weapons, d4 for unarmed strike, and grapple with a bonus action."
Weapon Master,Blessing,1,1,+1 in Str. or Dex. and you gain proficiency with four weapons.
Wood Elf Magic,Blessing,1,1,You learn one druid cantrip and can cast the longstrider and pass without trace spells (1/long rest).
Gunner,Blessing,1,1,"+1 in Dex., proficiency with firearms, ignore loading property of firearms and no disadvantage to attacks within 5 ft."
Fighting Style - Blind Fighting,Blessing,1,1,"You have blindsight with a range of 10 feet. Within that range, you can effectively see anything that isn't behind total cover, even if you're blinded or in darkness. Moreover, you can see an invisible creature within that range, unless the creature successfully hides from you."
Fighting Style - Defense ,Blessing,1,1,"While you are wearing armor, you gain a +1 bonus to AC."
Fighting Style - Dueling,Blessing,1,1,"When you are wielding a melee weapon in one hand and no other weapons, you gain a +2 bonus to damage rolls with that weapon."
Fighting Style - Thrown Weapon Fighting,Blessing,1,1,"You can draw a weapon that has the thrown property as part of the attack you make with the weapon. In addition, when you hit with a ranged attack using a thrown weapon, you gain a +2 bonus to the damage roll."
Fighting Style - Two Weapon Fighting,Blessing,1,1,"When you engage in two-weapon fighting, you can add your ability modifier to the damage of the second attack."
Acid (vial) ,Consumable,3,1,"As an action, you can splash the contents of this vial onto a creature within 5 feet of you or throw the vial up to 20 feet, shattering it on impact. In either case, make a ranged attack against a creature or object, treating the acid as an improvised weapon. On a hit, the target takes 2d6 acid damage. "
Alchemist's Fire (flask) ,Consumable,3,1,"This sticky, adhesive fluid ignites when exposed to air. As an action, you can throw this flask up to 20 feet, shattering it on impact. Make a ranged attack against a creature or object, treating the alchemist's fire as an improvised weapon. On a hit, the target takes 1d4 fire damage at the start of each of its turns. A creature can end this damage by using its action to make a DC 10 Dexterity check and going prone to extinguish the flames. "
Antitoxin (vial) ,Consumable,3,1,A creature that drinks this vial of liquid gains advantage on saving throws against poison for 1 hour. It confers no benefit to undead or constructs. 
Caltrops  (bag of 20),Consumable,3,1,"As an action, you can spread a bag of caltrops to cover a square area that is 5 feet on a side. Any creature that enters the area must succeed on a DC 15 Dexterity saving throw or stop moving this turn and take 1 piercing damage. Taking this damage reduces the creature's walking speed by 10 feet until the creature regains at least 1 hit point. A creature moving through the area at half speed doesn't need to make the save. "
Healer's Kit,Consumable,3,1,"This kit is a leather pouch containing bandages, salves, and splints. The kit has ten uses. As an action and within 5 feet of the intended creature, you can heal a creature for 1d4."
Holy Water (flask) ,Consumable,3,1,"As an action, you can splash the contents of this flask onto a creature within 5 feet of you or throw it up to 20 feet, shattering it on impact. In either case, make a ranged attack against a target creature, treating the holy water as an improvised weapon. If the target is a fiend or undead, it takes 2d6 radiant damage.  "
Hunting Trap ,Consumable,3,1,"When you use your action to set it, this trap forms a saw-toothed steel ring that snaps shut when a creature steps on a pressure plate in the center. The trap is affixed by a heavy chain to an immobile object, such as a tree or a spike driven into the ground. A creature that steps on the plate must succeed on a DC 13 Dexterity saving throw or take 1d4 piercing damage and stop moving. Thereafter, until the creature breaks free of the trap, its movement is limited by the length of the chain (typically 3 feet long). A creature can use its action to make a DC 13 Strength check, freeing itself or another creature within its reach on a success. Each failed check deals 1 piercing damage to the trapped creature. "
Oil (flask) ,Consumable,3,1,"Oil usually comes in a clay flask that holds 1 pint. As an action, you can splash the oil in this flask onto a creature within 5 feet of you or throw it up to 20 feet, shattering it on impact. Make a ranged attack against a target creature or object, treating the oil as an improvised weapon. On a hit, the target is covered in oil. If the target takes any fire damage before the oil dries (after 1 minute), the target takes an additional 5 fire damage from the burning oil. You can also pour a flask of oil on the ground to cover a 5-foot-square area, provided that the surface is level. If lit, the oil burns for 2 rounds and deals 5 fire damage to any creature that enters the area or ends its turn in the area. A creature can take this damage only once per turn. "
Potion of Healing ,Consumable,3,1,You regain 2d4 + 2 hit points when you drink this potion. The potion's red liquid glimmers when agitated.
Potion of Action ,Consumable,2,1,"As a free action drinking this potion, Gain one Action"
Potion of Climbing ,Consumable,2,1,"When you drink this potion, you gain a climbing speed equal to your walking speed for 1 hour. During this time, you have advantage on Strength (Athletics) checks you make to climb. The potion is separated into brown, silver, and gray layers resembling bands of stone. Shaking the bottle fails to mix the colors."
Blank Scroll ,Consumable,2,1,"When a caster casts a spell, as a reaction you can imprint the spell on this scroll to cast in a future turn."
"Poison, Basic (vial) ",Consumable,3,1,"You can use the poison in this vial to coat one slashing or piercing weapon or up to three pieces of ammunition. Applying the poison takes an action. A creature hit by the poisoned weapon or ammunition must make a DC 10 Constitution saving throw or take 1d4 poison damage. Once applied, the poison retains potency for 1 battle. "
Alert,Blessing,,0.6,"+5 to initiative, you can't be surprised, and creatures you don't see don't gain advantage on attack roll against you."
Bountiful Luck,Blessing,,0.6,	You can let an ally within 30 ft of you to reroll a 1 on a d20.
Crusher,Blessing,,0.6,"	+1 in Str. or Con., 5 ft extra move when you hit (bludgeoning) and attacks with advantage after a critical hit."
Drow High Magic,Blessing,,0.6,You can cast the detect magic spell (at will) and the levitate and dispel magic spells (1/long rest).
Fey Touched,Blessing,,0.6,"+1 in Int., Wis., or Cha., and you learn misty step and one 1st-level spell from divination or enchantment school."
Gift of the Chromatic Dragon,Blessing,,0.6,"Resistance and Extra 1d4 damange to an element of your choice when dealing damage with that element. Acid, Cold, Fire, Lightning, or Poison."
Gift of the Gem Dragon,Blessing,,0.6,"+1 in Int., Wis., or Cha., Strength saving throw or 2d8 force damage and pushed away 10 ft in reaction to an attack (PB/day)."
Gift of the Metallic Dragon,Blessing,,0.6,"You can cast cure wounds (1/long rest). As a reaction to an attack, can manifest wings to get +PB to your AC (PB/day)."
Healer,Blessing,,0.6,When you heal another creature add PB to the total.
Infernal Constitution,Blessing,,0.6,"+1 in Con., resistance to cold and poison damage, and you have advantage on saving throws against being poisoned."
Inspiring Leader,Blessing,,0.6,"As an Action, Up to 6 creatures within 30 ft of you can gain temporary hp equal to your level + your Cha. modifier. (PB/Day)"
Magic Initiate,Blessing,,0.6,You learn two cantrips and one 1st-level spell from one class.
Metamagic Adept,Blessing,,0.6,You learn two metamagic options and gain 2 sorcery points.
Mobile,Blessing,,0.6,"Your speed increase by 10 ft, you can Dash on difficult terrain without malus, and don't provoke opportunity attacks in melee."
Observant,Blessing,,0.6,"+1 in Int. or Wis., you can read on lips, and you have a +5 bonus in passive Perception and passive Investigation."
Piercer,Blessing,,0.6,"+1 in Str. or Dex., reroll one damage dice when you hit (piercing) and one additional damage dice in case of critical hit."
Prodigy,Blessing,,0.6,"You gain proficiency with one skill, one tool or one language, and you gain expertise with one skill."
Shadow Touched,Blessing,,0.6,"+1 in Int., Wis., or Cha., and you learn invisibility and one 1st-level spell from illusion or necromancy school."
Skill Expert,Blessing,,0.6,"+1 in one ability, proficiency in one skill and expertise in one other in which you have proficiency."
Slasher,Blessing,,0.6,"+1 in Str. or Dex., reduce target's speed by 10 ft when you hit (slashing) and target has disadvantage on attacks rolls."
Squat Nimbleness,Blessing,,0.6,"+1 in Str. or Dex., your speed increases by 5 ft, and proficiency and advantage to escape with Acrobatics or Athletics checks."
Telekinetic,Blessing,,0.6,"+1 in Int., Wis., or Cha., you learn mage hand and you can try to telekinetically shove one creature (5 ft)."
Telepathic,Blessing,,0.6,"+1 in Int., Wis., or Cha., you can cast detect thoughts and you can speak telepathically to any creature within 60 ft."
Tough,Blessing,,0.6,Your hit point maximum increases by an amount equal to twice your level then by +2 at each level.
Eldritch Adept,Blessing,,0.6,"Learn one Warlock invocation without a level requirement. If you are a warlock you also gain, Whenever you gain a level, you can replace the invocation with another one from the warlock class."
Fighting Style - Archery,Blessing,,0.6,You gain a +2 bonus to attack rolls you make with ranged weapons.
Fighting Style - Great Weapon Fighting,Blessing,,0.6,"When you roll a 1 or 2 on a damage die for an attack you make with a melee weapon that you are wielding with two hands, you can reroll the die and must use the new roll, even if the new roll is a 1 or a 2. The weapon must have the two-handed or versatile property for you to gain this benefit."
Fighting Style - Interception,Blessing,,0.6,"When a creature you can see hits a target, other than you, within 5 feet of you with an attack, you can use your reaction to reduce the damage the target takes by 1d10 + your proficiency bonus (to a minimum of 0 damage). You must be wielding a shield or a simple or martial weapon to use this reaction."
Fighting Style - Protection,Blessing,,0.6,"When a creature you can see attacks a target other than you that is within 5 feet of you, you can use your reaction to impose disadvantage on the attack roll. You must be wielding a shield."
Fighting Style - Unarmed Fighting,Blessing,,0.6,"Your unarmed strikes can deal bludgeoning damage equal to 1d6 + your Strength modifier on a hit. If you aren't wielding any weapons or a shield when you make the attack roll, the d6 becomes a d8. At the start of each of your turns, you can deal 1d4 bludgeoning damage to one creature grappled by you."
Fighting Style - Close Quarters Shooter,Blessing,,0.6,"When making a ranged attack while you are within 5 feet of a hostile creature, you do not have disadvantage on the attack roll. Your ranged attacks ignore half cover and three-quarters cover against targets within 30 feet of you. You have a +1 bonus to attack rolls on ranged attacks."
Assassins Blood ,Consumable,2,0.6,"A creature subjected to this poison must make a DC 10 Constitution saving throw. On a failed save, it takes 1d6 poison damage and is poisoned for 24 hours. On a successful save, the creature takes half damage and isnt poisoned. Once applied, the poison retains potency for 1 battle. "
Malice ,Consumable,2,0.6,"A creature subjected to this poison must succeed on a DC 15 Constitution saving throw or become poisoned for 1 hour. The poisoned creature is blinded. Once applied, the poison retains potency for 1 successful melee attack or 1 attempted ranged attack. "
Oil of Taggit ,Consumable,2,0.6,"A creature subjected to this poison must succeed on a DC 13 Constitution saving throw or become poisoned for 24 hours. The poisoned creature is unconscious. The creature wakes up if it takes damage. Once applied, the poison retains potency for 1 successful melee attack or 1 attempted ranged attack. "
Pale Tincture ,Consumable,2,0.6,"A creature subjected to this poison must succeed on a DC 16 Constitution saving throw or take 1d6 poison damage and become poisoned. The poisoned creature must repeat the saving throw every 24 hours, taking 1d6 poison damage on a failed save. Until this poison ends, the damage the poison deals cannot be healed by any means. Once applied, the poison retains potency for 1 successful melee attack or 1 attempted ranged attack. "
Serpent Venom ,Consumable,2,0.6,"This poison must be harvested from a dead or incapacitated giant poisonous snake. A creature subjected to this poison must succeed on a DC 11 Constitution saving throw, 3d6 poison damage on a failed save, or half as much damage on a successful one. Once applied, the poison retains potency for 1 successful melee attack or 1 attempted ranged attack. "
Potion of Greater Healing ,Consumable,3,0.6,You regain 4d4 + 4 hit points when you drink this potion. The potion's red liquid glimmers when agitated.
Potion of Growth ,Consumable,2,0.6,"When you drink this potion, you gain the ""enlarge"" effect of the enlarge/reduce spell for 1 battle."
Dust of Disappearance ,Consumable,2,0.6,"Found in a small packet, this powder resembles very fine sand. There is enough of it for one use. When you use an action to throw the dust into the air, you and each creature and object within 10 feet of you become invisible for 1 minute. The duration is the same for all subjects, and the dust is consumed when its magic takes effect. If a creature affected by the dust attacks or casts a spell, the invisibility ends for that creature."
Potion of Pearl ,Consumable,2,0.6,"When you drink this potion, you gain resistance to Acid damage for 1 battle."
Potion of Tourmaline ,Consumable,2,0.6,"When you drink this potion, you gain resistance to Cold damage for 1 battle."
Potion of Garnet ,Consumable,2,0.6,"When you drink this potion, you gain resistance to Fire damage for 1 battle."
Potion of Sapphire ,Consumable,2,0.6,"When you drink this potion, you gain resistance to Force damage for 1 battle."
Potion of Citrine ,Consumable,2,0.6,"When you drink this potion, you gain resistance to Lightning damage for 1 battle."
Potion of Jet ,Consumable,2,0.6,"When you drink this potion, you gain resistance to Necrotic damage for 1 battle."
Potion of Amethyst ,Consumable,2,0.6,"When you drink this potion, you gain resistance to Radiant damage for 1 battle."
Potion of Jade ,Consumable,2,0.6,"When you drink this potion, you gain resistance to Psychic damage for 1 battle."
Potion of Topaz ,Consumable,2,0.6,"When you drink this potion, you gain resistance to Radiant damage for 1 battle."
Potion of Spinel ,Consumable,2,0.6,"When you drink this potion, you gain resistance to Thunder damage for 1 battle."
Potion of Iron ,Consumable,2,0.6,"When you drink this potion, you gain resistance to Physical damage for 1 battle."
Dust of Sneezing and Choking ,Consumable,2,0.6," When you use an action to throw a handful of the dust into the air, you and each creature that needs to breathe within 30 feet of you must succeed on a DC 15 Constitution saving throw or become unable to breathe, while sneezing uncontrollably. A creature affected in this way is incapacitated and suffocating. As long as it is conscious, a creature can repeat the saving throw at the end of each of its turns, ending the effect on it on a success. The lesser restoration spell can also end the effect on a creature."
Oil of Slipperiness ,Consumable,2,0.6,"The oil can be poured on the ground as an action, where it covers a 10-foot square, duplicating the effect of the grease spell in that area"
Trident of Fish Command,Weapon,,0.6,"This trident is a magic weapon. It has 3 charges. While you carry it, you can use an action and expend 1 charge to cast dominate beast (save DC 15) from it. on a beast that has an innate swimming speed. The trident regains 1d3 expended charges daily at dawn."
Blue Sapphire,Consumable,1,0.6,"This gem contains a mote of elemental energy. When you use an action to break the gem, an Air elemental is summoned as if you had cast the conjure elemental spell, and the gem's magic is lost."
Yellow Diamond,Consumable,1,0.6,"This gem contains a mote of elemental energy. When you use an action to break the gem, an Earth elemental is summoned as if you had cast the conjure elemental spell, and the gem's magic is lost."
Red Corundum,Consumable,1,0.6,"This gem contains a mote of elemental energy. When you use an action to break the gem, an Fire elemental is summoned as if you had cast the conjure elemental spell, and the gem's magic is lost."
Emerald,Consumable,1,0.6,"This gem contains a mote of elemental energy. When you use an action to break the gem, an Water elemental is summoned as if you had cast the conjure elemental spell, and the gem's magic is lost."
Eversmoking Bottle ,Consumable,2,0.6,"Smoke leaks from the lead-stoppered mouth of this brass bottle, which weighs 1 pound. When you use an action to remove the stopper, a cloud of thick smoke pours out in a 30-foot radius from the bottle. The cloud's area is heavily obscured."
Ring of Warmth,Accessory,,0.6,"While wearing this ring, you have resistance to cold damage. In addition, you and everything you wear and carry are unharmed by temperatures as low as 50 degrees Fahrenheit."
Bracers of Archery,Accessory,,0.6,"While wearing these bracers, you have proficiency with the longbow and shortbow, and you gain a +2 bonus to damage rolls on ranged attacks made with such weapons."
Circlet of Blasting,Accessory,,0.6,"While wearing this circlet, you can use an action to cast the scorching ray spell with it. When you make the spell's attacks, you do so with an attack bonus of +5. The circlet can't be used this way again until the next dawn."
Wind Fan,Accessory,,0.6,"While holding this fan, you can use an action to cast the gust of wind spell (save DC 13) from it. Once used, the fan shouldn't be used again until the next battle."
Goggles of Night,Accessory,,0.6,"While wearing these dark lenses, you have darkvision out to a range of 60 feet. If you already have darkvision, wearing the goggles increases its range by 60 feet."
Necklace of Adaptation,Accessory,,0.6,"While wearing this necklace, you can breathe normally in any environment, and you have advantage on saving throws made against harmful gases and vapors (such as cloudkill and stinking cloud effects, inhaled poisons, and the breath weapons of some dragons)."
Ring of Water Walking,Accessory,,0.6,"While wearing this ring, you can stand on and move across any liquid surface as if it were solid ground."
Gloves of Swimming and Climbing,Accessory,,0.6,"While wearing these gloves, climbing and swimming don't cost you extra movement, and you gain a +5 bonus to Strength (Athletics) checks made to climb or swim."
Staff of the Python,Weapon,,0.6,"You can use an action to speak this staff's command word and throw the staff on the ground within 10 feet of you. Once per battle, the staff becomes a giant constrictor snake under your control and acts on its own initiative count. By using a bonus action to speak the command word again, you return the staff to its normal form in a space formerly occupied by the snake. On your turn, you can mentally command the snake if it is within 60 feet of you and you aren't incapacitated. You decide what action the snake takes and where it moves during its next turn, or you can issue it a general command, such as to attack your enemies or guard a location. If the snake is reduced to 0 hit points, it dies and reverts to its staff form."
Boots of Elvenkind,Accessory,,0.6,"While you wear these boots, your steps make no sound, regardless of the surface you are moving across. You also have advantage on Dexterity (Stealth) checks that rely on moving silently."
Ring of Jumping,Accessory,,0.6,"While wearing this ring, you can cast the jump spell from it as a bonus action at will, but can target only yourself when you do so."
Gloves of Missile Snaring,Accessory,,0.6,"These gloves seem to almost meld into your hands when you don them. When a ranged weapon attack hits you while you're wearing them, you can use your reaction to reduce the damage by 1d10 + your Dexterity modifier, provided that you have a free hand. If you reduce the damage to 0, you can catch the missile if it is small enough for you to hold in that hand."
Cloak of Protection,Accessory,,0.6,You gain a +1 bonus to AC and saving throws while you wear this cloak.
Luckstone,Accessory,,0.6,"While this polished agate is on your person, you gain a +1 bonus to ability checks and saving throws."
Periapt of Wound Closure,Accessory,,0.6,"While you wear this pendant, you stabilize whenever you are dying at the start of your turn. In addition, whenever you roll a Hit Die to regain hit points, double the number of hit points it restores."
Boots of Striding and Springing,Accessory,,0.6,"While you wear these boots, your walking speed becomes 30 feet, unless your walking speed is higher, and your speed isn't reduced if you are encumbered or wearing heavy armor. In addition, you can jump three times the normal distance, though you can't jump farther than your remaining movement would allow."
Cloak of Elvenkind,Accessory,,0.6,"While you wear this cloak with its hood up, Wisdom (Perception) checks made to see you have disadvantage, and you have advantage on Dexterity (Stealth) checks made to hide, as the cloak's color shifts to camouflage you. Pulling the hood up or down requires an action."
Lantern of Revealing,Accessory,,0.6,"While lit, this hooded lantern burns for 6 hours on 1 pint of oil, shedding bright light in a 30-foot radius and dim light for an additional 30 feet. invisible creatures and objects are visible as long as they are in the lantern's bright light. You can use an action to lower the hood, reducing the light to dim light in a 5-foot radius."
Periapt of Health,Accessory,,0.6,"You are immune to contracting any disease while you wear this pendant. If you are already infected with a disease, the effects of the disease are suppressed you while you wear the pendant."
Slippers of Spider Climbing,Accessory,,0.6,"While you wear these light shoes, you can move up, down, and across vertical surfaces and upside down along ceilings, while leaving your hands free. You have a climbing speed equal to your walking speed. However, the slippers don't allow you to move this way on a slippery surface, such as one covered by ice or oil."
Pearl of Power,Accessory,,0.6,"While this pearl is on your person, you can use an action to cast the spell Command with a DC 14. Cast once per battle. "
Pipes of Haunting,Weapon,,0.6,"You must be proficient with wind instruments to use these pipes. They have 3 charges. You can use an action to play them and expend 1 charge to create an eerie, spellbinding tune. Each creature within 30 feet of you that hears you play must succeed on a DC 15 Wisdom saving throw or become frightened of you for 1 minute. If you wish, all creatures in the area that aren't hostile toward you automatically succeed on the saving throw. A creature that fails the saving throw can repeat it at the end of each of its turns, ending the effect on itself on a success. A creature that succeeds on its saving throw is immune to the effect of these pipes for 24 hours. The pipes regain 1d3 expended charges daily at dawn."
Wand of Magic Missiles,Weapon,,0.6,"This wand has 7 charges. While holding it, you can use an action to expend 1 or more of its charges to cast the magic missile spell from it. For 1 charge, you cast the 1st-level version of the spell. You can increase the spell slot level by one for each additional charge you expend. The wand regains 1d6 + 1 expended charges daily at dawn. If you expend the wand's last charge, roll a d20. On a 1, the wand crumbles into ashes and is destroyed."
Wand of Web,Weapon,,0.6,"This wand has 7 charges. While holding it, you can use an action to expend 1 of its charges to cast the web spell (save DC 15) from it. The wand regains 1d6 + 1 expended charges daily at dawn. If you expend the wand's last charge, roll a d20. On a 1, the wand crumbles into ashes and is destroyed."
Winged Boots,Weapon,,0.6,"While you wear these boots, you have a flying speed equal to your walking speed. You can use the boots to fly for up to 4 hours, all at once or in several shorter flights, each one using a minimum of 1 minute from the duration. If you are flying when the duration expires, you descend at a rate of 30 feet per round until you land. The boots regain 2 hours of flying capability for every 12 hours they aren't in use."
Boots of the Winterlands,Accessory,,0.6,"These furred boots are snug and feel quite warm. While you wear them, you gain the following benefits:You have resistance to cold damage.You ignore difficult terrain created by ice or snow.You can tolerate temperatures as low as 50 degrees Fahrenheit without any additional protection. If you wear heavy clothes, you can tolerate temperatures as low as 100 degrees Fahrenheit."
Helm of Telepathy,Accessory,,0.6,"While wearing this helm, you can use an action to cast the detect thoughts spell (save DC 13) from it. As long as you maintain concentration on the spell, you can use a bonus action to send a telepathic message to a creature you are focused on. It can reply using a bonus action to do so while your focus on it continues. While focusing on a creature with detect thoughts, you can use an action to cast the suggestion spell (save DC 13) from the helm on that creature. Once used, the suggestion property can't be used again until the next dawn."
Ioun Stone of Agility,Accessory,,0.6,"Your Dexterity score increases by 2, to a maximum of 20, while this deep red sphere orbits your head. When you use an action to toss one of these stones into the air, the stone orbits your head at a distance of 1d3 feet and confers a benefit to you. Thereafter, another creature must use an action to grasp or net the stone to separate it from you, either by making a successful attack roll against AC 24 or a successful DC 24 Dexterity (Acrobatics) check. You can use an action to seize and stow the stone, ending its effect. A stone has AC 24, 10 hit points, and resistance to all damage. It is considered to be an object that is being worn while it orbits your head."
Ioun Stone of Intellect,Accessory,,0.6,"Your Intelligence score increases by 2, to a maximum of 20, while this deep red sphere orbits your head. When you use an action to toss one of these stones into the air, the stone orbits your head at a distance of 1d3 feet and confers a benefit to you. Thereafter, another creature must use an action to grasp or net the stone to separate it from you, either by making a successful attack roll against AC 24 or a successful DC 24 Dexterity (Acrobatics) check. You can use an action to seize and stow the stone, ending its effect. A stone has AC 24, 10 hit points, and resistance to all damage. It is considered to be an object that is being worn while it orbits your head."
Ioun Stone of Strength,Accessory,,0.6,"Your Strength score increases by 2, to a maximum of 20, while this deep red sphere orbits your head. When you use an action to toss one of these stones into the air, the stone orbits your head at a distance of 1d3 feet and confers a benefit to you. Thereafter, another creature must use an action to grasp or net the stone to separate it from you, either by making a successful attack roll against AC 24 or a successful DC 24 Dexterity (Acrobatics) check. You can use an action to seize and stow the stone, ending its effect. A stone has AC 24, 10 hit points, and resistance to all damage. It is considered to be an object that is being worn while it orbits your head."
Ioun Stone of Fortitude,Accessory,,0.6,"Your Constitution score increases by 2, to a maximum of 20, while this deep red sphere orbits your head. When you use an action to toss one of these stones into the air, the stone orbits your head at a distance of 1d3 feet and confers a benefit to you. Thereafter, another creature must use an action to grasp or net the stone to separate it from you, either by making a successful attack roll against AC 24 or a successful DC 24 Dexterity (Acrobatics) check. You can use an action to seize and stow the stone, ending its effect. A stone has AC 24, 10 hit points, and resistance to all damage. It is considered to be an object that is being worn while it orbits your head."
Ioun Stone of Insight,Accessory,,0.6,"Your Wisdom score increases by 2, to a maximum of 20, while this deep red sphere orbits your head. When you use an action to toss one of these stones into the air, the stone orbits your head at a distance of 1d3 feet and confers a benefit to you. Thereafter, another creature must use an action to grasp or net the stone to separate it from you, either by making a successful attack roll against AC 24 or a successful DC 24 Dexterity (Acrobatics) check. You can use an action to seize and stow the stone, ending its effect. A stone has AC 24, 10 hit points, and resistance to all damage. It is considered to be an object that is being worn while it orbits your head."
Ioun Stone of Leadership ,Accessory,,0.6,"Your Charisma score increases by 2, to a maximum of 20, while this deep red sphere orbits your head. When you use an action to toss one of these stones into the air, the stone orbits your head at a distance of 1d3 feet and confers a benefit to you. Thereafter, another creature must use an action to grasp or net the stone to separate it from you, either by making a successful attack roll against AC 24 or a successful DC 24 Dexterity (Acrobatics) check. You can use an action to seize and stow the stone, ending its effect. A stone has AC 24, 10 hit points, and resistance to all damage. It is considered to be an object that is being worn while it orbits your head."
Ioun Stone of Protection ,Accessory,,0.6,"You gain a +1 bonus to AC while this dusty rose prism orbits your head. When you use an action to toss one of these stones into the air, the stone orbits your head at a distance of 1d3 feet and confers a benefit to you. Thereafter, another creature must use an action to grasp or net the stone to separate it from you, either by making a successful attack roll against AC 24 or a successful DC 24 Dexterity (Acrobatics) check. You can use an action to seize and stow the stone, ending its effect. A stone has AC 24, 10 hit points, and resistance to all damage. It is considered to be an object that is being worn while it orbits your head."
Ring of Feather Falling,Accessory,,0.6,"When you fall while wearing this ring, you descend 60 feet per round and take no damage from falling."
Boots of Speed,Accessory,,0.6,"While you wear these boots, you can use a bonus action and click the boots' heels together. If you do, the boots double your walking speed, and any creature that makes an opportunity attack against you has disadvantage on the attack roll. If you click your heels together again, you end the effect. When the boots' property has been used for a total of 10 minutes, the magic ceases to function until you finish a long rest."
Rope of Entanglement,Accessory,,0.6,"This rope is 30 feet long and weighs 3 pounds. If you hold one end of the rope and use an action to speak its command word, the other end darts forward to entangle a creature you can see within 20 feet of you. The target must succeed on a DC 15 Dexterity saving throw or become restrained. The creature can make a DC 15 Strength check to break free from the bindings."
Ring of Animal Influence,Accessory,,0.6,"This ring has 3 charges, and it regains 1d3 expended charges daily at dawn. While wearing the ring, you can use an action to expend 1 of its charges to cast one of the following spells: Animal friendship (save DC 13), Fear (save DC 13), targeting only beasts that have an Intelligence of 3 or lower, Speak with animals"
Periapt of Proof Against Poison,Accessory,,0.6,"This delicate silver chain has a brilliant-cut black gem pendant. While you wear it, poisons have no effect on you. You are immune to the poisoned condition and have immunity to poison damage."
Wand of Binding,Weapon,,0.6,"This wand has 7 charges for the following properties. It regains 1d6 + 1 expended charges daily at dawn. If you expend the wand's last charge, roll a d20. On a 1, the wand crumbles into ashes and is destroyed. Spells: While holding the wand, you can use an action to expend some of its charges to cast one of the following spells (save DC 17): hold monster (5 charges) or hold person (2 charges). Assisted Escape: While holding the wand, you can use your reaction to expend 1 charge and gain advantage on a saving throw you make to avoid being paralyzed or restrained, or you can expend 1 charge and gain advantage on any check you make to escape a grapple."
Oil of Sharpness,Consumable,1,0.6,"This clear, gelatinous oil sparkles with tiny, ultrathin silver shards. The oil can coat one slashing or piercing weapon or up to 5 pieces of slashing or piercing ammunition. Applying the oil takes a bonus action. For 1 battle, the coated item is magical and has a +3 bonus to attack and damage rolls."
Crossbow Expert,Blessing,,0.3,	You ignore the loading property of crossbows and don't have disadvantage for being in contact with a creature when you shoot.
Elven Accuracy,Blessing,,0.3,"+1 in Dex., Int., Wis., or Cha., and you can reroll one attack roll if you have advantage."
Great Weapon Master,Blessing,,0.3,Extra attack after a melee critical hit and you can choose to take -5 to attack roll to add +10 to damage with an heavy weapon.
Lucky,Blessing,,0.3,You can reroll one d20 or force to reroll an attack roll against you (3/long rest).
Polearm Master,Blessing,,0.3,"You can make an extra attack with a polearm weapon, and make an opportunity attack if a creature enter your reach."
Resilient,Blessing,,0.3,+1 in one ability and you gain proficiency in saving throws using this ability.
Sentinel,Blessing,,0.3,A successful OA reduce creature's speed to 0 for this turn and possibility to make an OA even if the ennemy take Disengage.
Sharpshooter,Blessing,,0.3,"Your ranged attacks ignore some cover, no disavantage at long range, and possibility to take -5 to hit for +10 on ranged damage."
War Caster,Blessing,,0.3,You have advantage on saving throws to maintain concentration and you can cast some spells as part of an OA with a reaction.
Javelin of Lightning,Weapon,,0.3,"This javelin is a magic weapon. When you hurl it and speak its command word, it transforms into a bolt of lightning, forming a line 5 feet wide that extends out from you to a target within 120 feet. Each creature in the line excluding you and the target must make a DC 13 Dexterity saving throw, taking 4d6 lightning damage on a failed save, and half as much damage on a successful one. The lightning bolt turns back into a javelin when it reaches the target. Make a ranged weapon attack against the target. On a hit, the target takes damage from the javelin plus 4d6 lightning damage. The javelin's property can't be used again until the next dawn. In the meantime, the javelin can still be used as a magic weapon."
Brooch of Shielding,Accessory,,0.3,"While wearing this brooch, you have resistance to force damage, and you have immunity to damage from the magic missile spell."
Gauntlets of Ogre Power,Accessory,,0.3,Your Strength score is 19 while you wear these gauntlets. They have no effect on you if your Strength is already 19 or higher.
Headband of Intellect,Accessory,,0.3,Your Intelligence score is 19 while you wear this headband. It has no effect on you if your Intelligence is already 19 or higher.
Plate Armor,Item,,0.3,Heavy Armor AC: 18
Midnight Tears,Consumable,1,0.3,"A creature subjected to this poison must make a DC 17 Constitution saving throw, taking 9d6 poison damage on a failed save, or half as much damage on a successful one. Once applied, the poison retains potency for 1 successful melee attack or 1 attempted ranged attack.  "
Purple Worm Poison,Consumable,1,0.3,"A creature subjected to this poison must make a DC 19 Constitution saving throw, taking 12d6 poison damage on a failed save, or half as much damage on a successful one. Once applied, the poison retains potency for 1 successful melee attack or 1 attempted ranged attack. "
Torpor,Consumable,1,0.3,"A creature subjected to this poison must succeed on a DC 15 Constitution saving throw or become poisoned for 1 battle. The poisoned creature is incapacitated. Once applied, the poison retains potency for 1 successful melee attack or 1 attempted ranged attack.  "
Wyvern Poison,Consumable,1,0.3,"A creature subjected to this poison must make a DC 15 Constitution saving throw, taking 7d6 poison damage on a failed save, or half as much damage on a successful one. Once applied, the poison retains potency for 1 successful melee attack or 1 attempted ranged attack.  "
Potion of Heroism ,Consumable,2,0.3,"For 1 hour after drinking it, you gain 10 temporary hit points that last for 1 battle. For the same duration, you are under the effect of the bless spell (no concentration required). This blue potion bubbles and steams as if boiling."
Horn of Blasting,Accessory,,0.3,"You can use an action to speak the horn's command word and then blow the horn, which emits a thunderous blast in a 30-foot cone that is audible 600 feet away. Each creature in the cone must make a DC 15 Constitution saving throw. On a failed save, a creature takes 5d6 thunder damage and is deafened for 1 minute. On a successful save, a creature takes half as much damage and isn't deafened. Creatures and objects made of glass or crystal have disadvantage on the saving throw and take 10d6 thunder damage instead of 5d6. Each use of the horn's magic has a 20 percent chance of causing the horn to explode. The explosion deals 10d6 fire damage to the blower and destroys the horn."
Potion of Superior Healing ,Consumable,3,0.3,You regain 8d4 + 8 hit points when you drink this potion. The potion's red liquid glimmers when agitated.
Necklace of Fireballs,Accessory,,0.3,"This necklace has 1d6 + 3 beads hanging from it. You can use an action to detach a bead and throw it up to 60 feet away. When it reaches the end of its trajectory, the bead detonates as a 3rd-level fireball spell (save DC 15). You can hurl multiple beads, or even the whole necklace, as one action. When you do so, increase the level of the fireball by 1 for each bead beyond the first."
Ioun Stone of Absorbtion,Accessory,,0.3,"Once per battle, While this pale lavender ellipsoid orbits your head, you can use your reaction to cancel a spell of 4th level or lower cast by a creature you can see and targeting only you. When you use an action to toss one of these stones into the air, the stone orbits your head at a distance of 1d3 feet and confers a benefit to you. Thereafter, another creature must use an action to grasp or net the stone to separate it from you, either by making a successful attack roll against AC 24 or a successful DC 24 Dexterity (Acrobatics) check. You can use an action to seize and stow the stone, ending its effect. A stone has AC 24, 10 hit points, and resistance to all damage. It is considered to be an object that is being worn while it orbits your head."
Ioun Stone of Reserve ,Accessory,,0.3,"This vibrant purple prism stores spells cast into it, holding them until you use them. The stone can store up to 3 levels worth of spells at a time. When you use an action to toss one of these stones into the air, the stone orbits your head at a distance of 1d3 feet and confers a benefit to you. Thereafter, another creature must use an action to grasp or net the stone to separate it from you, either by making a successful attack roll against AC 24 or a successful DC 24 Dexterity (Acrobatics) check. You can use an action to seize and stow the stone, ending its effect. A stone has AC 24, 10 hit points, and resistance to all damage. It is considered to be an object that is being worn while it orbits your head."
Staff of Withering,Weapon,,0.3,"This staff has 3 charges and regains 1d3 expended charges daily at dawn. The staff can be wielded as a magic quarterstaff. On a hit, it deals damage as a normal quarterstaff, and you can expend 1 charge to deal an extra 2d10 necrotic damage to the target. In addition, the target must succeed on a DC 15 Constitution saving throw or have disadvantage for 1 hour on any ability check or saving throw that uses Strength or Constitution."
Ring of Protection,Accessory,,0.3,You gain a +1 bonus to AC and saving throws while wearing this ring.
Iron Bands of Bilarro,Accessory,,0.3,"This rusty iron sphere measures 3 inches in diameter and weighs 1 pound. You can use an action to speak the command word and throw the sphere at a Huge or smaller creature you can see within 60 feet of you. As the sphere moves through the air, it opens into a tangle of metal bands. Make a ranged attack roll with an attack bonus equal to your Dexterity modifier plus your proficiency bonus. On a hit, the target is restrained until you take a bonus action to speak the command word again to release it. Doing so, or missing with the attack, causes the bands to contract and become a sphere once more. A creature, including the one restrained, can use an action to make a DC 20 Strength check to break the iron bands. On a success, the item is destroyed, and the restrained creature is freed. If the check fails, any further attempts made by that creature automatically fail until 24 hours have elapsed. Once the bands are used, they can't be used again until the next dawn. "
Ring of Evasion,Accessory,,0.3,"This ring has 3 charges, and it regains 1d3 expended charges daily at dawn. When you fail a Dexterity saving throw while wearing it, you can use your reaction to expend 1 of its charges to succeed on that saving throw instead."
Ring of the Ram,Accessory,,0.3,"This ring has 3 charges, and it regains 1d3 expended charges daily at dawn. While wearing the ring, you can use an action to expend 1 to 3 of its charges to attack one creature you can see within 60 feet of you. The ring produces a spectral ram's head and makes its attack roll with a +7 bonus. On a hit, for each charge you spend, the target takes 2d10 force damage and is pushed 5 feet away from you."
Wings of Flying,Accessory,,0.3,"While wearing this cloak, you can use an action to speak its command word. This turns the cloak into a pair of bat wings or bird wings on your back for 1 hour or until you repeat the command word as an action. The wings give you a flying speed of 60 feet. When they disappear, you can't use them again for 1d12 hours."
Belt of Dwarvenkind,Accessory,,0.3,"While wearing this belt, you gain the following benefits: Your Constitution score increases by 2, to a maximum of 20. You have advantage on Charisma (Persuasion) checks made to interact with dwarves."
Bracers of Defense,Accessory,,0.3,"While wearing these bracers, you gain a +2 bonus to AC if you are wearing no armor and using no shield."
Pearl Ring ,Accessory,,0.3,Gain Acid Resistance
Tourmaline Ring,Accessory,,0.3,Gain Cold Resistance
Garnet Ring,Accessory,,0.3,Gain Fire Resistance
Sapphire Ring,Accessory,,0.3,Gain Force Resistance
Citrine Ring,Accessory,,0.3,Gain Lightning Resistance
Jet Ring,Accessory,,0.3,Gain Necrotic Resistance
Amethyst Ring,Accessory,,0.3,Gain Posion Resistance
Jade Ring,Accessory,,0.3,Gain Psychic Resistance
Topaz Ring,Accessory,,0.3,Gain Radiant Resistance
Spinel Ring,Accessory,,0.3,Gain Thunder Resistance
Shield of Missile Attraction,Weapon,,0.3,"While holding this shield, you have resistance to damage from ranged weapon attacks."
Cloak of the Bat,Accessory,,0.3,"While wearing this cloak, you have advantage on Dexterity (Stealth) checks. In an area of dim light or darkness, you can grip the edges of the cloak with both hands and use it to fly at a speed of 40 feet. If you ever fail to grip the cloak's edges while flying in this way, or if you are no longer in dim light or darkness, you lose this flying speed."
Ring of X-Ray Vision,Accessory,,0.3,"While wearing this ring, you can use an action to speak its command word. When you do so, you can see into and through solid matter for 1 minute. This vision has a radius of 30 feet. To you, solid objects within that radius appear transparent and don't prevent light from passing through them. The vision can penetrate 1 foot of stone, 1 inch of common metal, or up to 3 feet of wood or dirt. Thicker substances block the vision, as does a thin sheet of lead. Whenever you use the ring again before taking a long rest, you must succeed on a DC 15 Constitution saving throw or gain one level of exhaustion."
Amulet of Health,Accessory,,0.3,Your Constitution score is 19 while you wear this amulet. It has no effect on you if your Constitution is already 19 or higher.
Cape of the Mountebank,Accessory,,0.3,"This cape smells faintly of brimstone. While wearing it, you can use it to cast the dimension door spell as an action. This property of the cape can't be used again until the next dawn. When you disappear, you leave behind a cloud of smoke, and you appear in a similar cloud of smoke at your destination. The smoke lightly obscures the space you left and the space you appear in, and it dissipates at the end of your next turn. A light or stronger wind disperses the smoke."
Bowl of Commanding Water Elementals,Accessory,,0.3,"While this bowl is filled with water, you can use an action to speak the bowl's command word and summon a water elemental, as if you had cast the conjure elemental spell. The bowl can't be used this way again until the next dawn. The bowl is about 1 foot in diameter and half as deep. It weighs 3 pounds and holds about 3 gallons."
Brazier of Commanding Fire Elementals,Accessory,,0.3,"While a fire burns in this brass brazier, you can use an action to speak the brazier's command word and summon a fire elemental, as if you had cast the conjure elemental spell. The brazier can't be used this way again until the next dawn. The brazier weighs 5 pounds."
Censer of Controlling Air Elementals,Accessory,,0.3,"While incense is burning in this censer, you can use an action to speak the censer's command word and summon an air elemental, as if you had cast the conjure elemental spell. The censer can't be used this way again until the next dawn. This 6-inch-wide, 1-foot-high vessel resembles a chalice with a decorated lid. It weighs 1 pound."
Stone of Controlling Earth Elementals,Accessory,,0.3,"If the stone is touching the ground, you can use an action to speak its command word and summon an earth elemental, as if you had cast the conjure elemental spell. The stone can't be used this way again until the next dawn. The stone weighs 5 pounds."
Wand of Fear,Weapon,,0.3,"This wand has 7 charges for the following properties. It regains 1d6 + 1 expended charges daily at dawn. If you expend the wand's last charge, roll a d20. On a 1, the wand crumbles into ashes and is destroyed. Command: While holding the wand, you can use an action to expend 1 charge and command another creature to flee or grovel, as with the command spell (save DC 15). Cone of Fear: While holding the wand, you can use an action to expend 2 charges, causing the wand's tip to emit a 60-foot cone of amber light. Each creature in the cone must succeed on a DC 15 Wisdom saving throw or become frightened of you for 1 minute. While it is frightened in this way, a creature must spend its turns trying to move as far away from you as it can, and it can't willingly move to a space within 30 feet of you. It also can't take reactions. For its action, it can use only the Dash action or try to escape from an effect that prevents it from moving. If it has nowhere it can move, the creature can use the Dodge action. At the end of each of its turns, a creature can repeat the saving throw, ending the effect on itself on a success."
Staff of Charming,Weapon,,0.3,"While holding this staff, you can use an action to expend 1 of its 10 charges to cast charm person, command, or comprehend languages from it using your spell save DC. The staff can also be used as a magic quarterstaff. It regains 2 expended charges daily at dawn."
Sun Blade,Weapon,,0.3,"This item appears to be a longsword hilt. While grasping the hilt, you can use a bonus action to cause a blade of pure radiance to spring into existence, or make the blade disappear. While the blade exists, this magic longsword has the finesse property. If you are proficient with shortswords or longswords, you are proficient with the sun blade. You gain a +2 bonus to attack and damage rolls made with this weapon, which deals radiant damage instead of slashing damage. When you hit an undead with it, that target takes an extra 1d8 radiant damage. The sword's luminous blade emits bright light in a 15-foot radius and dim light for an additional 15 feet. The light is sunlight. While the blade persists, you can use an action to expand or reduce its radius of bright and dim light by 5 feet each, to a maximum of 30 feet each or a minimum of 10 feet each."
Staff of Healing,Weapon,,0.3,"This staff has 10 charges. While holding it, you can use an action to expend 1 or more of its charges to cast one of the following spells from it, using your spell save DC and spellcasting ability modifier: cure wounds (1 charge per spell level, up to 4th), lesser restoration (2 charges), or mass cure wounds (5 charges). It regains 2 expended charges daily at dawn."
Staff of Swarming Insects,Weapon,,0.3,"This staff has 10 charges and regains 1d6 + 4 expended charges daily at dawn. If you expend the last charge, roll a d20. On a 1, a swarm of insects consumes and destroys the staff, then disperses. Spells. While holding the staff, you can use an action to expend some of its charges to cast one of the following spells from it, using your spell save DC: giant insect (4 charges) or insect plague (5 charges). Insect Cloud. While holding the staff, you can use an action and expend 1 charge to cause a swarm of harmless flying insects to spread out in a 30-foot radius from you. The insects remain for 10 minutes, making the area heavily obscured for creatures other than you. The swarm moves with you, remaining centered on you. A wind of at least 10 miles per hour disperses the swarm and ends the effect."
Wand of Paralysis,Weapon,,0.3,"This wand has 7 charges. While holding it, you can use an action to expend 1 of its charges to cause a thin blue ray to streak from the tip toward a creature you can see within 60 feet of you. The target must succeed on a DC 15 Constitution saving throw or be paralyzed for 1 minute. At the end of each of the target's turns, it can repeat the saving throw, ending the effect on itself on a success. The wand regains 1d6 + 1 expended charges daily at dawn. If you expend the wand's last charge, roll a d20. On a 1, the wand crumbles into ashes and is destroyed."
Ring of Spell Storing,Accessory,,0.3,"This ring stores spells cast into it, holding them until the attuned wearer uses them. The ring can store up to 5 levels worth of spells at a time. Any creature can cast a spell of 1st through 5th level into the ring by touching the ring as the spell is cast. The spell has no effect, other than to be stored in the ring. If the ring can't hold the spell, the spell is expended without effect. The level of the slot used to cast the spell determines how much space it uses. While wearing this ring, you can cast any spell stored in it. The spell uses the slot level, spell save DC, spell attack bonus, and spellcasting ability of the original caster, but is otherwise treated as if you cast the spell. The spell cast from the ring is no longer stored in it, freeing up space."
Robe of Eyes,Accessory,,0.3,"This robe is adorned with eyelike patterns. While you wear the robe, you gain the following benefits: The robe lets you see in all directions, and you have advantage on Wisdom (Perception) checks that rely on sight. You have darkvision out to a range of 120 feet. You can see invisible creatures and objects, as well as see into the Ethereal Plane, out to a range of 120 feet. The eyes on the robe can't be closed or averted. Although you can close or avert your own eyes, you are never considered to be doing so while wearing this robe. A light spell cast on the robe or a daylight spell cast within 5 feet of the robe causes you to be blinded for 1 minute. At the end of each of your turns, you can make a Constitution saving throw (DC 11 for light or DC 15 for daylight), ending the blindness on a success."
Wand of Fireballs,Weapon,,0.3,"This wand has 7 charges. While holding it, you can use an action to expend 1 or more of its charges to cast the fireball spell (save DC 15) from it. For 1 charge, you cast the 3rd-level version of the spell. You can increase the spell slot level by one for each additional charge you expend. The wand regains 1d6 + 1 expended charges daily at dawn. If you expend the wand's last charge, roll a d20. On a 1, the wand crumbles into ashes and is destroyed."
Wand of Lightning Bolts,Weapon,,0.3,"This wand has 7 charges. While holding it, you can use an action to expend 1 or more of its charges to cast the lightning bolt spell (save DC 15) from it. For 1 charge, you cast the 3rd-level version of the spell. You can increase the spell slot level by one for each additional charge you expend. The wand regains 1d6 + 1 expended charges daily at dawn. If you expend the wand's last charge, roll a d20. On a 1, the wand crumbles into ashes and is destroyed."
Potion of Invisibility ,Consumable,2,0.3,"This potion's container looks empty but feels as though it holds liquid. When you drink it, you become invisible for 1 hour. Anything you wear or carry is invisible with you. The effect ends early if you attack or cast a spell."
Potion of Speed ,Consumable,2,0.3,"When you drink this potion, you gain the effect of the haste spell for 1 minute (no concentration required). The potion's yellow fluid is streaked with black and swirls on its own."
Potion of Flying ,Consumable,2,0.3,"When you drink this potion, you gain a flying speed equal to your walking speed for 1 hour and can hover. If you're in the air when the potion wears off, you fall unless you have some other means of staying aloft. This potion's clear liquid floats at the top of its container and has cloudy white impurities drifting in it."
Potion of Vitality ,Consumable,2,0.3,"When you drink this potion, it removes any exhaustion you are suffering and cures any disease or poison affecting you. For the next 24 hours, you regain the maximum number of hit points for any Hit Die you spend. The potion's crimson liquid regularly pulses with dull light, calling to mind a heartbeat."
Cloak of Arachnida,Accessory,,0.3,"This fine garment is made of black silk interwoven with faint silvery threads. While wearing it, you gain the following benefits: You have resistance to poison damage. You have a climbing speed equal to your walking speed. You can move up, down, and across vertical surfaces and upside down along ceilings, while leaving your hands free. You can't be caught in webs of any sort and can move through webs as if they were difficult terrain. You can use an action to cast the web spell (save DC 13). The web created by the spell fills twice its normal area. Once used, this property of the cloak can't be used again until the next dawn."
Animated Shield,Weapon,,0.3,"While holding this shield, you can speak its command word as a bonus action to cause it to animate. The shield leaps into the air and hovers in your space to protect you as if you were wielding it, leaving your hands free. The shield remains animated for 1 minute, until you use a bonus action to end this effect, or until you are incapacitated or die, at which point the shield falls to the ground or into your hand if you have one free."
Ioun Stone of Mastery ,Accessory,,0.1,"Your proficiency bonus increases by 1 while this pale green prism orbits your head. When you use an action to toss one of these stones into the air, the stone orbits your head at a distance of 1d3 feet and confers a benefit to you. Thereafter, another creature must use an action to grasp or net the stone to separate it from you, either by making a successful attack roll against AC 24 or a successful DC 24 Dexterity (Acrobatics) check. You can use an action to seize and stow the stone, ending its effect. A stone has AC 24, 10 hit points, and resistance to all damage. It is considered to be an object that is being worn while it orbits your head."
Ioun Stone of Regeneration ,Accessory,,0.1,"You regain hit points 1 + level at the end of your turn, this pearly white spindle orbits your head, provided that you have at least 1 hit point. When you use an action to toss one of these stones into the air, the stone orbits your head at a distance of 1d3 feet and confers a benefit to you. Thereafter, another creature must use an action to grasp or net the stone to separate it from you, either by making a successful attack roll against AC 24 or a successful DC 24 Dexterity (Acrobatics) check. You can use an action to seize and stow the stone, ending its effect. A stone has AC 24, 10 hit points, and resistance to all damage. It is considered to be an object that is being worn while it orbits your head."
Boots of Levitation,Accessory,,0.1,"While you wear these boots, you can use an action to cast the levitate spell on yourself at will."
Arrow-Catching Shield,Weapon,,0.1,"You gain a +2 bonus to AC against ranged attacks while you wield this shield. This bonus is in addition to the shield's normal bonus to AC. In addition, whenever an attacker makes a ranged attack against a target within 5 feet of you, you can use your reaction to become the target of the attack instead."
Iron Ring,Accessory,,0.1,Gain Physical Resistance
Ring of Free Action,Accessory,,0.1,"While you wear this ring, difficult terrain doesn't cost you extra movement. In addition, magic can neither reduce your speed nor cause you to be paralyzed or restrained."
Mantle of Spell Resistance,Accessory,,0.1,You have advantage on saving throws against spells while you wear this cloak.
Staff of the Woodlands,Weapon,,0.1,"This staff can be wielded as a magic quarterstaff that grants a +2 bonus to attack and damage rolls made with it. While holding it, you have a +2 bonus to spell attack rolls. The staff has 10 charges for the following properties. It regains 1d6 + 4 expended charges daily at dawn. If you expend the last charge, roll a d20. On a 1, the staff loses its properties and becomes a nonmagical quarterstaff. Spells. You can use an action to expend 1 or more of the staff's charges to cast one of the following spells from it, using your spell save DC: animal friendship (1 charge), awaken (5 charges), barkskin (2 charges), locate animals or plants (2 charges), speak with animals (1 charge), speak with plants (3 charges), or wall of thorns (6 charges). You can also use an action to cast the pass without trace spell from the staff without using any charges."
Cloak of Displacement,Accessory,,0.1,"While you wear this cloak, it projects an illusion that makes you appear to be standing in a place near your actual location, causing any creature to have disadvantage on attack rolls against you. If you take damage, the property ceases to function until the start of your next turn. This property is suppressed while you are incapacitated, restrained, or otherwise unable to move."
Potion of Supreme Healing x 2,Accessory,,0.1,You regain 10d4 + 20 hit points when you drink this potion. The potion's red liquid glimmers when agitated.
Oathbow,Weapon,,0.1,"When you nock an arrow on this bow, it whispers in Elvish, ""Swift defeat to my enemies."" When you use this weapon to make a ranged attack, you can, as a command phrase, say, ""Swift death to you who have wronged me."" The target of your attack becomes your sworn enemy until it dies or until dawn seven days later. You can have only one such sworn enemy at a time. When your sworn enemy dies, you can choose a new one after the next dawn. When you make a ranged attack roll with this weapon against your sworn enemy, you have advantage on the roll. In addition, your target gains no benefit from cover, other than total cover, and you suffer no disadvantage due to long range. If the attack hits, your sworn enemy takes an extra 3d6 piercing damage. While your sworn enemy lives, you have disadvantage on attack rolls with all other weapons.  Proficiency with a longbow allows you to add your proficiency bonus to the attack roll for any attack you make with it."
Robe of Scintillating Colors,Accessory,,0.1,"This robe has 3 charges, and it regains 1d3 expended charges daily at dawn. While you wear it, you can use an action and expend 1 charge to cause the garment to display a shifting pattern of dazzling hues until the end of your next turn. During this time, the robe sheds bright light in a 30-foot radius and dim light for an additional 30 feet. Creatures that can see you have disadvantage on attack rolls against you. In addition, any creature in the bright light that can see you when the robe's power is activated must succeed on a DC 15 Wisdom saving throw or become stunned until the effect ends."
Staff of Thunder and Lightning,Weapon,,0.1,"This staff can be wielded as a magic quarterstaff that grants a +2 bonus to attack and damage rolls made with it. It also has the following additional properties. When one of these properties is used, it can't be used again until the next dawn.Lightning: When you hit with a melee attack using the staff, you can cause the target to take an extra 2d6 lightning damage. Thunder: When you hit with a melee attack using the staff, you can cause the staff to emit a crack of thunder, audible out to 300 feet. The target you hit must succeed on a DC 17 Constitution saving throw or become stunned until the end of your next turn.Lightning Strike: You can use an action to cause a bolt of lightning to leap from the staff's tip in a line that is 5 feet wide and 120 feet long. Each creature in that line must make a DC 17 Dexterity saving throw, taking 9d6 lightning damage on a failed save, or half as much damage on a successful one. Thunderclap: You can use an action to cause the staff to issue a deafening thunderclap, audible out to 600 feet. Each creature within 60 feet of you (not including you) must make a DC 17 Constitution saving throw. On a failed save, a creature takes 2d6 thunder damage and becomes deafened for 1 minute. On a successful save, a creature takes half damage and isn't deafened. Thunder and Lightning: You can use an action to use the Lightning Strike and Thunderclap properties at the same time. Doing so doesn't expend the daily use of those properties, only the use of this one."
Ring of Regeneration,Accessory,,0.1,"While wearing this ring and in Combat, you regain 1 + Level hit points per turn, provided that you have at least 1 hit point. If you lose a body part, the ring causes the missing part to regrow and return to full functionality after 1d6 + 1 days if you have at least 1 hit point the whole time."
Staff of Fire,Weapon,,0.1,"You have resistance to fire damage while you hold this staff. The staff has 10 charges. While holding it, you can use an action to expend 1 or more of its charges to cast one of the following spells from it, using your spell save DC: burning hands (1 charge), fireball (3 charges), or wall of fire (4 charges). The staff regains 1d6 + 4 expended charges daily at dawn. If you expend the last charge, roll a d20. On a 1, the staff blackens, crumbles into cinders, and is destroyed."
Dwarven Thrower,Weapon,,0.1,"You gain a +3 bonus to attack and damage rolls made with this magic weapon. It has the thrown property with a normal range of 20 feet and a long range of 60 feet. When you hit with a ranged attack using this weapon, it deals an extra 1d8 damage or, if the target is a giant, 2d8 damage. Immediately after the attack, the weapon flies back to your hand."
Staff of Striking,Weapon,,0.1,"This staff can be wielded as a magic quarterstaff that grants a +3 bonus to attack and damage rolls made with it. The staff has 10 charges. When you hit with a melee attack using it, you can expend up to 3 of its charges. For each charge you expend, the target takes an extra 1d6 force damage. The staff regains 1d6 + 4 expended charges daily at dawn. If you expend the last charge, roll a d20. On a 1, the staff becomes a nonmagical quarterstaff."
Staff of Frost,Weapon,,0.1,"You have resistance to cold damage while you hold this staff. The staff has 10 charges. While holding it, you can use an action to expend 1 or more of its charges to cast one of the following spells from it, using your spell save DC: cone of cold (5 charges), fog cloud (1 charge), ice storm (4 charges), or wall of ice (4 charges). The staff regains 1d6 + 4 expended charges daily at dawn. If you expend the last charge, roll a d20. On a 1, the staff turns to water and is destroyed."
Wand of Polymorph,Weapon,,0.1,"This wand has 7 charges. While holding it, you can use an action to expend 1 of its charges to cast the polymorph spell (save DC 15) from it. The wand regains 1d6 + 1 expended charges daily at dawn. If you expend the wand's last charge, roll a d20. On a 1, the wand crumbles into ashes and is destroyed."
Spellguard Shield,Weapon,,0.1,"While holding this shield, you have advantage on saving throws against spells and other magical effects, and spell attacks have disadvantage against you."
Robe of Stars,Accessory,,0.1,"This black or dark blue robe is embroidered with small white or silver stars. You gain a +1 bonus to saving throws while you wear it. Six stars, located on the robe's upper front portion, are particularly large. While wearing this robe, you can use an action to pull off one of the stars and use it to cast magic missile as a 5th-level spell. Daily at dusk, 1d6 removed stars reappear on the robe.  While you wear the robe, you can use an action to enter the Astral Plane along with everything you are wearing and carrying. You remain there until you use an action to return to the plane you were on. You reappear in the last space you occupied, or if that space is occupied, the nearest unoccupied space."
Ring of Telekinesis,Accessory,,0.1,"While wearing this ring, you can cast the telekinesis spell at will, but you can target only objects that aren't being worn or carried."
Riccochet,Blessing,,0.6,"Your ranged attack will bounce to the next closest target within 10ft of the original target (Allies included), if tied between 2 targets choose one of them."
You're Average,Blessing,,1,"If your base attack roll results is lower than a 5 or higher than 15, reroll the die."
Knock-off Asura,Blessing,,0.3,"If you have a free melee weapon, grow an third etherial arm. Attack again with disadvantage with your new arm."
Over Charge,Blessing,,0.6,"When you cast a spell, you can double its rolled damage but expend another spell slot of an equal level."
Comeback Kid,Blessing,,0.3,"Once per battle, if incoming damage would reduce you to 0, set your HP to 1 instead."
Barrier Bean ,Consumable,3,1,"As a free action, eat 1 bean and gain 3 temp HP. This does not stack with other temp HP sources."
Cigarette,Consumable,3,1,"As a free action, smoke the cigarette. Gain +2 damage and lose health equal to your level per turn for 30 seconds."
Ring of Slow Initiate,Item,,1,Always go third on initative.
Air Jorgens,Item,,1,+5ft of movement when jumping vertically.
Ring of Magic Missle,Item,,1,Cast one bolt of magic missile. (1d4)
Life Seed,Consumable,1,0.6,Roll a hit die and add the results to your total life.
Cape of Chairs,Item,,0.6,"A cape with chair icons. When the chairs on the cape are right-side up, Re-roll 1 d20 die, when you do, the chairs on the cape are upside down and will not go right side up until you roll a 1."
Snapping Flask,Consumable,1,0.6,"Throw the flask with a unarmed attack, upon hitting a non-boss creature, the creature is removed from battle."
Potion of Demon Blood,Consumable,2,0.6,Gain the effects of Rage for 30 seconds.
Wispbrew ,Consumable,3,1,Gain the effects of Disengage for one turn
White out ,Consumable,2,1,Throw a flask that creates a sharp light. All creatures with eyes within 10ft rolls a DC 12 Constitution or be stunned for 1 turn.
Shades of Brightness,Item,,1,Shades that grants 60ft of darkvision but gain Sunlight Sensitivity.
Mimic Spell Book,Item,,0.6,"As an reaction, use a spell slot of the same level to record another spell regardless of domain into this spell book. As an action, the spell can be casted once without using the spell slot. Once the spell is casted, it is removed form the spell book."
Reflective Bracers,Item,,0.3,Return half the damage dealt to you. (Round up)
Bubble Helmet,Item,,1,Reduce incoming damage by 1.
Bottle of Force ,Consumable,3,1,"Throw a bottle as an unarmed attack. If successful, the hit explodes with a non-lethal force that pushes the small or medium creature back 15ft with a DC 12 Strength saving throw. Attack of Opportunity still applies."
Eye of Saul-on,Item,,1,"A wearable amulet. Charm an enemy with a DC 14 Chrisma saving throw, the charm will force the enemy to attack the Charmer this turn."
Medusa's Shrunken Head,Item,,0.3,"Raise the shrunken head to petrify all creatures within 20ft on a failed 16 Constitution Saving throw. On a successful save, creatures lose their reaction."
The Odyssey,Item,,0.3,"This book burns when used. Within a 20ft square, all hostile creatures roll a Wisdom Saving throw of 14, on failure, soul travels into the beyond for a long journey. On success, hostile creatures continue to fight as spirits."
